종류,시군,패스종류,패스타입
1일권,전주시,카드형,관광형
1일권,전주시,모바일형,관광형
1일권,전주시,카드형,교통형
2일권,전주시,카드형,관광형
한옥마을권,전주시,카드형,관광형
한옥마을권,전주시,모바일형,관광형
한옥마을권 + 사진촬영권,전주시,모바일형,관광형
한옥마을권 + 한복 대여권,전주시,모바일형,관광형
"한옥마을종합권(한복대여,사진)",전주시,모바일형,관광형
한옥마을권 + 경성의복 대여권,전주시,모바일형,관광형
임실피자체험권+경기전,전주시,모바일형,관광형
한옥마을 + 카페 미애담,전주시,모바일형,관광형
전주한옥 레일바이크,전주시,모바일형,관광형
한옥마을 + 카페 미애담,전주시,모바일형,관광형
1일권,전주시,카드형,관광형
1일권,전주시,모바일형,관광형
1일권,전주시,카드형,교통형
한옥마을권 + 사진촬영권,전주시,모바일형,관광형
"한옥마을종합권(한복대여,사진)",전주시,모바일형,관광형
1일권,전주시,카드형,관광형
1일권,전주시,모바일형,관광형
2일권,전주시,카드형,관광형
전주한옥 레일바이크,전주시,모바일형,관광형
1일권,전주시,카드형,관광형
1일권,전주시,모바일형,관광형
한옥마을권 + 사진촬영권,전주시,모바일형,관광형
"한옥마을종합권(한복대여,사진)",전주시,모바일형,관광형
전주한옥 레일바이크,전주시,모바일형,관광형
한옥마을권 + 사진촬영권,전주시,모바일형,관광형
"한옥마을종합권(한복대여,사진)",전주시,모바일형,관광형
"한옥마을종합권(경성의복,사진)",전주시,모바일형,관광형
한옥마을권 + 한복 대여권,전주시,모바일형,관광형
"한옥마을종합권(한복대여,사진)",전주시,모바일형,관광형
한옥마을권 + 경성의복 대여권,전주시,모바일형,관광형
"한옥마을종합권(경성의복,사진)",전주시,모바일형,관광형
1일권,전주시,카드형,관광형
1일권,전주시,모바일형,관광형
2일권,전주시,카드형,관광형
전주한옥 레일바이크,전주시,모바일형,관광형
1일권,전주시,카드형,관광형
전주한옥 레일바이크,전주시,모바일형,관광형
1일권,전주시,모바일형,관광형
전주한옥 레일바이크,전주시,모바일형,관광형
1일권,전주시,카드형,관광형
1일권,전주시,모바일형,관광형
전주한옥 레일바이크,전주시,모바일형,관광형
군산 카페 솔보,군산시,모바일형,관광형
1일권,익산시,모바일형,관광형
전주한옥 레일바이크,익산시,모바일형,관광형
1일권,익산시,카드형,관광형
1일권,익산시,모바일형,관광형
미술관패키지A,정읍시,모바일형,관광형
미술관패키지B,정읍시,모바일형,관광형
피카소 정읍시민권,정읍시,모바일형,관광형
피카소 일반권,정읍시,모바일형,관광형
미술관패키지B,정읍시,모바일형,관광형
1일권,남원시,카드형,관광형
1일권,남원시,모바일형,관광형
남원춘향여행권,남원시,모바일형,관광형
강천산 + 광한루권,남원시,모바일형,관광형
남원춘향여행권,남원시,카드형,관광형
1일권,남원시,모바일형,관광형
남원춘향여행권,남원시,모바일형,관광형
남원춘향여행권,남원시,카드형,관광형
1일권,남원시,카드형,관광형
1일권,남원시,모바일형,관광형
남원춘향여행권,남원시,모바일형,관광형
남원춘향여행권,남원시,카드형,관광형
남원춘향여행권,남원시,모바일형,관광형
남원춘향여행권,남원시,카드형,관광형
1일권,남원시,모바일형,관광형
남원춘향여행권,남원시,모바일형,관광형
남원춘향여행권,남원시,카드형,관광형
1일권,남원시,모바일형,관광형
남원춘향여행권,남원시,모바일형,관광형
남원춘향여행권,남원시,카드형,관광형
1일권,김제시,카드형,관광형
1일권,김제시,모바일형,관광형
1일권,김제시,모바일형,관광형
김제 미즈노씨네 체험권,김제시,모바일형,관광형
1일권,김제시,모바일형,관광형
김제 미즈노씨네 체험권,김제시,모바일형,관광형
1일권,김제시,모바일형,관광형
1일권,김제시,카드형,관광형
1일권,김제시,모바일형,관광형
1일권,김제시,모바일형,관광형
김제 미즈노씨네 체험권,김제시,모바일형,관광형
1일권,김제시,모바일형,관광형
1일권,김제시,모바일형,관광형
김제 미즈노씨네 체험권,김제시,모바일형,관광형
전주한옥 레일바이크,김제시,모바일형,관광형
1일권,김제시,모바일형,관광형
김제 미즈노씨네 체험권,김제시,모바일형,관광형
1일권,진안군,카드형,관광형
1일권,진안군,모바일형,관광형
1일권,진안군,모바일형,관광형
1일권,무주군,카드형,관광형
1일권,무주군,모바일형,관광형
무주반디여행권,무주군,모바일형,관광형
무주리조트 곤도라,무주군,모바일형,관광형
1일권,무주군,모바일형,관광형
무주반디여행권,무주군,모바일형,관광형
무주리조트 곤도라,무주군,모바일형,관광형
1일권,무주군,카드형,관광형
1일권,무주군,모바일형,관광형
무주반디여행권,무주군,모바일형,관광형
무주리조트 곤도라,무주군,모바일형,관광형
1일권,무주군,카드형,관광형
무주반디여행권,무주군,모바일형,관광형
무주리조트 곤도라,무주군,모바일형,관광형
1일권,무주군,모바일형,관광형
무주반디여행권,무주군,모바일형,관광형
무주리조트 곤도라,무주군,모바일형,관광형
무주리조트 곤도라,무주군,모바일형,관광형
1일권,임실군,모바일형,관광형
1일권,임실군,카드형,관광형
1일권,임실군,모바일형,관광형
1일권,임실군,모바일형,관광형
전주한옥 레일바이크,임실군,모바일형,관광형
전주한옥 레일바이크,임실군,모바일형,관광형
임실피자체험권+경기전,임실군,모바일형,관광형
1일권,순창군,카드형,관광형
1일권,순창군,모바일형,관광형
강천산 + 광한루권,순창군,모바일형,관광형
1일권,순창군,모바일형,관광형
1일권,순창군,카드형,관광형
2일권,순창군,모바일형,관광형
1일권,순창군,카드형,관광형
1일권,순창군,모바일형,관광형
1일권,순창군,카드형,관광형
1일권,순창군,모바일형,관광형
총댕이마을 서바이벌 패키지,순창군,모바일형,관광형
1일권,순창군,카드형,관광형
1일권,순창군,모바일형,관광형
1일권,고창군,카드형,관광형
1일권,고창군,모바일형,관광형
고창읍성+선운사권,고창군,모바일형,관광형
고창읍성+고인돌박물관권,고창군,모바일형,관광형
책마을해리,고창군,모바일형,관광형
1일권,고창군,카드형,관광형
1일권,고창군,모바일형,관광형
고창읍성+고인돌박물관권,고창군,모바일형,관광형
1일권,고창군,모바일형,관광형
2일권,고창군,모바일형,관광형
1일권,고창군,카드형,관광형
1일권,고창군,모바일형,관광형
2일권,고창군,모바일형,관광형
고창읍성+선운사권,고창군,모바일형,관광형
1일권,고창군,카드형,관광형
1일권,고창군,모바일형,관광형
1일권,부안군,모바일형,관광형
1일권,부안군,모바일형,관광형
1일권,부안군,모바일형,관광형
1일권,부안군,모바일형,관광형
1일권,부안군,모바일형,관광형
1일권,부안군,모바일형,관광형
1일권,부안군,모바일형,관광형
1일권,전주시,카드형,관광형
1일권,전주시,모바일형,관광형
2일권,전주시,모바일형,관광형
3일권,전주시,모바일형,관광형
한옥마을권,전주시,카드형,관광형
한옥마을권,전주시,모바일형,관광형
한옥마을권 + 한복 대여권,전주시,모바일형,관광형
"한옥마을종합권(한복대여,사진)",전주시,모바일형,관광형
테마10선,전주시,모바일형,관광형
임실피자체험권+경기전,전주시,모바일형,관광형
전주한옥 레일바이크,전주시,모바일형,관광형
1일권,전주시,모바일형,관광형
한옥마을권,전주시,카드형,관광형
한옥마을권,전주시,모바일형,관광형
1일권,전주시,카드형,관광형
1일권,전주시,모바일형,관광형
한옥마을권,전주시,모바일형,관광형
전주한옥 레일바이크,전주시,모바일형,관광형
1일권,전주시,카드형,관광형
1일권,전주시,모바일형,관광형
2일권,전주시,모바일형,관광형
전주한옥 레일바이크,전주시,모바일형,관광형
1일권,전주시,카드형,관광형
1일권,전주시,모바일형,관광형
한옥마을권,전주시,모바일형,관광형
"한옥마을종합권(한복대여,사진)",전주시,모바일형,관광형
한옥마을권 + 한복 대여권,전주시,모바일형,관광형
"한옥마을종합권(한복대여,사진)",전주시,모바일형,관광형
1일권,전주시,모바일형,관광형
한옥마을권,전주시,모바일형,관광형
1일권,전주시,카드형,관광형
1일권,전주시,모바일형,관광형
2일권,전주시,모바일형,관광형
3일권,전주시,모바일형,관광형
Tmoney 1일권,전주시,카드형,교통형
전주한옥 레일바이크,전주시,모바일형,관광형
1일권,전주시,카드형,관광형
1일권,전주시,모바일형,관광형
전주한옥 레일바이크,전주시,모바일형,관광형
1일권,전주시,모바일형,관광형
김제 미즈노씨네 체험권,전주시,모바일형,관광형
1일권,전주시,모바일형,관광형
1일권,익산시,카드형,관광형
1일권,익산시,모바일형,관광형
1일권,익산시,모바일형,관광형
2일권,익산시,모바일형,관광형
1일권,정읍시,카드형,관광형
1일권,정읍시,모바일형,관광형
1일권,정읍시,카드형,관광형
1일권,정읍시,모바일형,관광형
1일권,정읍시,카드형,관광형
1일권,정읍시,모바일형,관광형
3일권,정읍시,모바일형,관광형
1일권,남원시,카드형,관광형
1일권,남원시,모바일형,관광형
2일권,남원시,모바일형,관광형
남원춘향여행권,남원시,모바일형,관광형
강천산 + 광한루권,남원시,모바일형,관광형
남원춘향여행권,남원시,카드형,관광형
1일권,남원시,카드형,관광형
1일권,남원시,모바일형,관광형
3일권,남원시,모바일형,관광형
남원춘향여행권,남원시,모바일형,관광형
남원춘향여행권,남원시,카드형,관광형
1일권,남원시,카드형,관광형
1일권,남원시,모바일형,관광형
남원춘향여행권,남원시,모바일형,관광형
남원춘향여행권,남원시,카드형,관광형
1일권,남원시,모바일형,관광형
2일권,남원시,모바일형,관광형
남원춘향여행권,남원시,모바일형,관광형
남원춘향여행권,남원시,카드형,관광형
1일권,남원시,카드형,관광형
1일권,남원시,모바일형,관광형
남원춘향여행권,남원시,모바일형,관광형
남원춘향여행권,남원시,카드형,관광형
1일권,남원시,모바일형,관광형
2일권,남원시,모바일형,관광형
남원춘향여행권,남원시,모바일형,관광형
남원춘향여행권,남원시,카드형,관광형
1일권,남원시,모바일형,관광형
2일권,남원시,모바일형,관광형
남원춘향여행권,남원시,모바일형,관광형
남원춘향여행권,남원시,카드형,관광형
1일권,김제시,카드형,관광형
1일권,김제시,모바일형,관광형
1일권,김제시,카드형,관광형
1일권,김제시,모바일형,관광형
김제 미즈노씨네 체험권,김제시,모바일형,관광형
1일권,김제시,카드형,관광형
1일권,김제시,모바일형,관광형
김제 미즈노씨네 체험권,김제시,모바일형,관광형
1일권,김제시,카드형,관광형
1일권,김제시,모바일형,관광형
1일권,김제시,카드형,관광형
1일권,김제시,모바일형,관광형
1일권,김제시,카드형,관광형
1일권,김제시,모바일형,관광형
김제 미즈노씨네 체험권,김제시,모바일형,관광형
1일권,김제시,카드형,관광형
1일권,김제시,모바일형,관광형
1일권,김제시,카드형,관광형
1일권,김제시,모바일형,관광형
김제 미즈노씨네 체험권,김제시,모바일형,관광형
부안 벗님넷포레도,김제시,모바일형,관광형
전주한옥 레일바이크,김제시,모바일형,관광형
1일권,김제시,카드형,관광형
1일권,김제시,모바일형,관광형
김제 미즈노씨네 체험권,김제시,모바일형,관광형
1일권,김제시,모바일형,관광형
1일권,완주군,모바일형,관광형
1일권,진안군,모바일형,관광형
1일권,무주군,카드형,관광형
1일권,무주군,모바일형,관광형
2일권,무주군,모바일형,관광형
무주반디여행권,무주군,모바일형,관광형
무주반디여행권,무주군,카드형,관광형
무주리조트 곤도라,무주군,모바일형,관광형
1일권,무주군,카드형,관광형
1일권,무주군,모바일형,관광형
무주반디여행권,무주군,모바일형,관광형
무주반디여행권,무주군,카드형,관광형
무주리조트 곤도라,무주군,모바일형,관광형
1일권,무주군,카드형,관광형
1일권,무주군,모바일형,관광형
2일권,무주군,모바일형,관광형
무주반디여행권,무주군,모바일형,관광형
무주반디여행권,무주군,카드형,관광형
무주리조트 곤도라,무주군,모바일형,관광형
1일권,무주군,카드형,관광형
1일권,무주군,모바일형,관광형
무주반디여행권,무주군,모바일형,관광형
무주반디여행권,무주군,카드형,관광형
무주리조트 곤도라,무주군,모바일형,관광형
1일권,무주군,카드형,관광형
1일권,무주군,모바일형,관광형
2일권,무주군,모바일형,관광형
무주반디여행권,무주군,모바일형,관광형
무주반디여행권,무주군,카드형,관광형
무주리조트 숙박 1,무주군,모바일형,관광형
무주리조트 곤도라,무주군,모바일형,관광형
무주리조트 곤도라,무주군,모바일형,관광형
3일권,장수군,모바일형,관광형
1일권,임실군,카드형,관광형
1일권,임실군,모바일형,관광형
1일권,임실군,모바일형,관광형
1일권,임실군,모바일형,관광형
1일권,임실군,카드형,관광형
1일권,임실군,모바일형,관광형
1일권,임실군,카드형,관광형
1일권,임실군,모바일형,관광형
임실치즈테마파크 패키지A 대인권,임실군,모바일형,관광형
임실치즈테마파크 패키지A 소인권,임실군,모바일형,관광형
임실피자체험권+경기전,임실군,모바일형,관광형
임실치즈테마파크 패키지A 대인권,임실군,모바일형,관광형
임실치즈테마파크 패키지A 소인권,임실군,모바일형,관광형
임실치즈테마파크 패키지C 대인권,임실군,모바일형,관광형
임실치즈테마파크 패키지C 소인권,임실군,모바일형,관광형
임실치즈테마파크 패키지C 대인권,임실군,모바일형,관광형
임실치즈테마파크 패키지C 소인권,임실군,모바일형,관광형
임실치즈테마파크 패키지A 대인권,임실군,모바일형,관광형
임실치즈테마파크 패키지A 소인권,임실군,모바일형,관광형
1일권,순창군,카드형,관광형
1일권,순창군,모바일형,관광형
강천산 + 광한루권,순창군,모바일형,관광형
1일권,순창군,모바일형,관광형
3일권,순창군,모바일형,관광형
1일권,순창군,카드형,관광형
1일권,순창군,모바일형,관광형
1일권,순창군,모바일형,관광형
3일권,순창군,모바일형,관광형
1일권,순창군,카드형,관광형
1일권,순창군,모바일형,관광형
2일권,순창군,모바일형,관광형
1일권,순창군,모바일형,관광형
1일권,순창군,카드형,관광형
1일권,순창군,모바일형,관광형
3일권,순창군,모바일형,관광형
1일권,고창군,카드형,관광형
1일권,고창군,모바일형,관광형
고창읍성+선운사권,고창군,모바일형,관광형
고창읍성+고인돌박물관권,고창군,모바일형,관광형
부안 벗님넷포레도,고창군,모바일형,관광형
전주한옥 레일바이크,고창군,모바일형,관광형
책마을해리,고창군,모바일형,관광형
1일권,고창군,카드형,관광형
1일권,고창군,모바일형,관광형
고창읍성+고인돌박물관권,고창군,모바일형,관광형
1일권,고창군,카드형,관광형
1일권,고창군,모바일형,관광형
1일권,고창군,카드형,관광형
1일권,고창군,모바일형,관광형
김제 미즈노씨네 체험권,고창군,모바일형,관광형
고창읍성+선운사권,고창군,모바일형,관광형
1일권,고창군,카드형,관광형
1일권,고창군,모바일형,관광형
2일권,고창군,모바일형,관광형
김제 미즈노씨네 체험권,고창군,모바일형,관광형
1일권,부안군,카드형,관광형
1일권,부안군,모바일형,관광형
1일권,부안군,카드형,관광형
1일권,부안군,모바일형,관광형
부안 벗님넷포레도,부안군,모바일형,관광형
1일권,부안군,카드형,관광형
1일권,부안군,모바일형,관광형
1일권,부안군,모바일형,관광형
1일권,부안군,모바일형,관광형
1일권,부안군,카드형,관광형
1일권,부안군,모바일형,관광형
1일권,부안군,카드형,관광형
1일권,부안군,모바일형,관광형
부안 벗님넷포레도,부안군,모바일형,관광형
1일권,부안군,카드형,관광형
1일권,부안군,모바일형,관광형
2일권,부안군,모바일형,관광형
1일권,전주시,카드형,관광형
1일권,전주시,모바일형,관광형
2일권,전주시,모바일형,관광형
한옥마을권,전주시,카드형,관광형
한옥마을권,전주시,모바일형,관광형
"한옥마을종합권(한복대여,사진)",전주시,모바일형,관광형
임실피자체험권+경기전,전주시,모바일형,관광형
익산 카페 아레라,전주시,모바일형,관광형
전주한옥 레일바이크,전주시,모바일형,관광형
1일권,전주시,모바일형,관광형
한옥마을권,전주시,모바일형,관광형
"한옥마을종합권(한복대여,사진)",전주시,모바일형,관광형
1일권,전주시,모바일형,관광형
1일권,전주시,카드형,관광형
1일권,전주시,모바일형,관광형
전주한옥 레일바이크,전주시,모바일형,관광형
1일권,전주시,카드형,관광형
1일권,전주시,모바일형,관광형
"한옥마을종합권(한복대여,사진)",전주시,모바일형,관광형
익산 카페 아레라,전주시,모바일형,관광형
1일권,전주시,카드형,관광형
1일권,전주시,모바일형,관광형
전주한옥 레일바이크,전주시,모바일형,관광형
한옥마을권 + 사진촬영권,전주시,모바일형,관광형
"한옥마을종합권(한복대여,사진)",전주시,모바일형,관광형
"한옥마을종합권(경성의복,사진)",전주시,모바일형,관광형
한옥마을권 + 한복 대여권,전주시,모바일형,관광형
"한옥마을종합권(한복대여,사진)",전주시,모바일형,관광형
"한옥마을종합권(경성의복,사진)",전주시,모바일형,관광형
1일권,전주시,모바일형,관광형
한옥마을권,전주시,모바일형,관광형
"한옥마을종합권(한복대여,사진)",전주시,모바일형,관광형
1일권,전주시,카드형,관광형
1일권,전주시,모바일형,관광형
2일권,전주시,모바일형,관광형
2일권,전주시,카드형,교통형
익산 카페 아레라,전주시,모바일형,관광형
전주한옥 레일바이크,전주시,모바일형,관광형
전주한옥 레일바이크,전주시,모바일형,관광형
1일권,전주시,모바일형,관광형
1일권,전주시,카드형,관광형
1일권,전주시,모바일형,관광형
2일권,전주시,모바일형,관광형
익산 카페 아레라,전주시,모바일형,관광형
전주한옥 레일바이크,전주시,모바일형,관광형
1일권,익산시,모바일형,관광형
2일권,익산시,모바일형,관광형
전주한옥 레일바이크,익산시,모바일형,관광형
1일권,익산시,카드형,관광형
1일권,익산시,모바일형,관광형
익산 카페 아레라,익산시,모바일형,관광형
1일권,정읍시,카드형,관광형
1일권,정읍시,모바일형,관광형
1일권,남원시,카드형,관광형
1일권,남원시,모바일형,관광형
남원춘향여행권,남원시,모바일형,관광형
남원춘향여행권,남원시,카드형,관광형
1일권,남원시,카드형,관광형
1일권,남원시,모바일형,관광형
3일권,남원시,모바일형,관광형
남원춘향여행권,남원시,모바일형,관광형
남원춘향여행권,남원시,카드형,관광형
1일권,남원시,카드형,관광형
1일권,남원시,모바일형,관광형
남원춘향여행권,남원시,모바일형,관광형
남원춘향여행권,남원시,카드형,관광형
1일권,남원시,카드형,관광형
1일권,남원시,모바일형,관광형
남원춘향여행권,남원시,모바일형,관광형
남원춘향여행권,남원시,카드형,관광형
남원춘향여행권,남원시,카드형,관광형
1일권,남원시,카드형,관광형
1일권,남원시,모바일형,관광형
3일권,남원시,모바일형,관광형
남원춘향여행권,남원시,모바일형,관광형
남원춘향여행권,남원시,카드형,관광형
1일권,남원시,모바일형,관광형
남원춘향여행권,남원시,모바일형,관광형
남원춘향여행권,남원시,카드형,관광형
1일권,김제시,카드형,관광형
1일권,김제시,모바일형,관광형
3일권,김제시,모바일형,관광형
1일권,김제시,카드형,관광형
1일권,김제시,모바일형,관광형
김제 미즈노씨네 체험권,김제시,모바일형,관광형
1일권,김제시,카드형,관광형
1일권,김제시,모바일형,관광형
김제 미즈노씨네 체험권,김제시,모바일형,관광형
1일권,김제시,카드형,관광형
1일권,김제시,모바일형,관광형
3일권,김제시,모바일형,관광형
1일권,김제시,카드형,관광형
1일권,김제시,모바일형,관광형
1일권,김제시,카드형,관광형
1일권,김제시,모바일형,관광형
2일권,김제시,모바일형,관광형
김제 미즈노씨네 체험권,김제시,모바일형,관광형
1일권,김제시,카드형,관광형
1일권,김제시,모바일형,관광형
1일권,김제시,카드형,관광형
1일권,김제시,모바일형,관광형
3일권,김제시,모바일형,관광형
김제 미즈노씨네 체험권,김제시,모바일형,관광형
익산 카페 아레라,김제시,모바일형,관광형
1일권,김제시,카드형,관광형
1일권,완주군,카드형,관광형
1일권,진안군,카드형,관광형
1일권,진안군,모바일형,관광형
2일권,진안군,모바일형,관광형
1일권,무주군,카드형,관광형
1일권,무주군,모바일형,관광형
3일권,무주군,모바일형,관광형
무주반디여행권,무주군,모바일형,관광형
무주반디여행권,무주군,카드형,관광형
전주한옥 레일바이크,무주군,모바일형,관광형
무주리조트 곤도라,무주군,모바일형,관광형
1일권,무주군,카드형,관광형
1일권,무주군,모바일형,관광형
3일권,무주군,모바일형,관광형
무주반디여행권,무주군,모바일형,관광형
무주반디여행권,무주군,카드형,관광형
무주리조트 곤도라,무주군,모바일형,관광형
1일권,무주군,카드형,관광형
1일권,무주군,모바일형,관광형
3일권,무주군,모바일형,관광형
무주반디여행권,무주군,모바일형,관광형
무주반디여행권,무주군,모바일형,관광형
무주반디여행권,무주군,카드형,관광형
무주리조트 곤도라,무주군,모바일형,관광형
1일권,무주군,카드형,관광형
1일권,무주군,모바일형,관광형
3일권,무주군,모바일형,관광형
무주반디여행권,무주군,모바일형,관광형
무주반디여행권,무주군,카드형,관광형
무주리조트 곤도라,무주군,모바일형,관광형
1일권,무주군,카드형,관광형
1일권,무주군,모바일형,관광형
2일권,무주군,카드형,교통형
3일권,무주군,카드형,관광형
3일권,무주군,모바일형,관광형
무주반디여행권,무주군,모바일형,관광형
무주반디여행권,무주군,모바일형,관광형
무주반디여행권,무주군,카드형,관광형
전주한옥 레일바이크,무주군,모바일형,관광형
무주리조트 곤도라,무주군,모바일형,관광형
무주리조트 곤도라,무주군,모바일형,관광형
1일권,장수군,모바일형,관광형
3일권,장수군,모바일형,관광형
1일권,임실군,카드형,관광형
1일권,임실군,모바일형,관광형
1일권,임실군,카드형,관광형
1일권,임실군,모바일형,관광형
1일권,임실군,카드형,관광형
1일권,임실군,모바일형,관광형
1일권,임실군,카드형,관광형
1일권,임실군,모바일형,관광형
1일권,임실군,카드형,관광형
1일권,임실군,모바일형,관광형
1일권,임실군,카드형,관광형
1일권,임실군,모바일형,관광형
임실치즈테마파크 패키지A 대인권,임실군,모바일형,관광형
임실치즈테마파크 패키지A 소인권,임실군,모바일형,관광형
임실치즈테마파크 패키지C 대인권,임실군,모바일형,관광형
임실치즈테마파크 패키지C 소인권,임실군,모바일형,관광형
임실피자체험권+경기전,임실군,모바일형,관광형
임실치즈테마파크 패키지A 대인권,임실군,모바일형,관광형
임실치즈테마파크 패키지A 소인권,임실군,모바일형,관광형
임실치즈테마파크 패키지C 대인권,임실군,모바일형,관광형
임실치즈테마파크 패키지C 소인권,임실군,모바일형,관광형
임실치즈테마파크 패키지C 대인권,임실군,모바일형,관광형
임실치즈테마파크 패키지C 소인권,임실군,모바일형,관광형
임실치즈테마파크 패키지A 대인권,임실군,모바일형,관광형
임실치즈테마파크 패키지A 소인권,임실군,모바일형,관광형
1일권,순창군,모바일형,관광형
2일권,순창군,모바일형,관광형
3일권,순창군,모바일형,관광형
강천산 + 광한루권,순창군,모바일형,관광형
1일권,순창군,모바일형,관광형
2일권,순창군,모바일형,관광형
1일권,순창군,카드형,관광형
1일권,순창군,모바일형,관광형
1일권,순창군,카드형,관광형
1일권,순창군,모바일형,관광형
2일권,순창군,모바일형,관광형
1일권,순창군,카드형,관광형
1일권,순창군,모바일형,관광형
3일권,순창군,모바일형,관광형
전주한옥 레일바이크,순창군,모바일형,관광형
1일권,순창군,모바일형,관광형
1일권,순창군,모바일형,관광형
1일권,순창군,카드형,관광형
1일권,순창군,모바일형,관광형
1일권,고창군,카드형,관광형
1일권,고창군,모바일형,관광형
김제 미즈노씨네 체험권,고창군,모바일형,관광형
고창읍성+선운사권,고창군,모바일형,관광형
고창읍성+고인돌박물관권,고창군,모바일형,관광형
책마을해리,고창군,모바일형,관광형
1일권,고창군,카드형,관광형
1일권,고창군,모바일형,관광형
테마10선,고창군,모바일형,관광형
김제 미즈노씨네 체험권,고창군,모바일형,관광형
고창읍성+고인돌박물관권,고창군,모바일형,관광형
1일권,고창군,카드형,관광형
1일권,고창군,모바일형,관광형
1일권,고창군,카드형,관광형
1일권,고창군,모바일형,관광형
고창읍성+선운사권,고창군,모바일형,관광형
1일권,고창군,모바일형,관광형
1일권,부안군,카드형,관광형
1일권,부안군,카드형,관광형
1일권,부안군,모바일형,관광형
1일권,부안군,모바일형,관광형
1일권,부안군,모바일형,관광형
부안 벗님넷포레도,부안군,모바일형,관광형
1일권,부안군,카드형,관광형
1일권,부안군,모바일형,관광형
1일권,부안군,모바일형,관광형
1일권,부안군,모바일형,관광형
부안 벗님넷포레도,부안군,모바일형,관광형
1일권,부안군,카드형,관광형
1일권,부안군,모바일형,관광형
부안 벗님넷포레도,부안군,모바일형,관광형
1일권,전주시,카드형,관광형
1일권,전주시,모바일형,관광형
2일권,전주시,모바일형,관광형
한옥마을권,전주시,카드형,관광형
한옥마을권,전주시,모바일형,관광형
"한옥마을종합권(한복대여,사진)",전주시,모바일형,관광형
Tmoney 1일권,전주시,카드형,교통형
임실피자체험권+경기전,전주시,모바일형,관광형
전주한옥 레일바이크,전주시,모바일형,관광형
1일권,전주시,모바일형,관광형
한옥마을권,전주시,모바일형,관광형
전주한옥 레일바이크,전주시,모바일형,관광형
1일권,전주시,카드형,관광형
1일권,전주시,모바일형,관광형
2일권,전주시,모바일형,관광형
전주한옥 레일바이크,전주시,모바일형,관광형
1일권,전주시,카드형,관광형
1일권,전주시,모바일형,관광형
2일권,전주시,모바일형,관광형
전주한옥 레일바이크,전주시,모바일형,관광형
1일권,전주시,모바일형,관광형
"한옥마을종합권(한복대여,사진)",전주시,모바일형,관광형
"한옥마을종합권(경성의복,사진)",전주시,모바일형,관광형
"한옥마을종합권(한복대여,사진)",전주시,모바일형,관광형
"한옥마을종합권(경성의복,사진)",전주시,모바일형,관광형
1일권,전주시,모바일형,관광형
한옥마을권,전주시,모바일형,관광형
전주한옥 레일바이크,전주시,모바일형,관광형
1일권,전주시,카드형,관광형
1일권,전주시,모바일형,관광형
1일권,전주시,모바일형,관광형
2일권,전주시,모바일형,관광형
전주한옥 레일바이크,전주시,모바일형,관광형
전주한옥 레일바이크,전주시,모바일형,관광형
1일권,전주시,모바일형,관광형
2일권,전주시,모바일형,관광형
1일권,전주시,카드형,관광형
1일권,전주시,모바일형,관광형
2일권,전주시,모바일형,관광형
전주한옥 레일바이크,전주시,모바일형,관광형
1일권,익산시,모바일형,관광형
3일권,익산시,모바일형,관광형
익산 카페 아레라,익산시,모바일형,관광형
1일권,익산시,카드형,관광형
1일권,익산시,모바일형,관광형
1일권,정읍시,모바일형,관광형
정읍 현대미술 패키지권,정읍시,모바일형,관광형
정읍 현대미술 패키지권,정읍시,모바일형,관광형
정읍 현대미술 패키지권,정읍시,모바일형,관광형
정읍 현대미술 시민권,정읍시,모바일형,관광형
정읍 현대미술 시민권,정읍시,모바일형,관광형
정읍 현대미술 일반권,정읍시,모바일형,관광형
1일권,정읍시,모바일형,관광형
정읍 현대미술 패키지권,정읍시,모바일형,관광형
1일권,남원시,카드형,관광형
1일권,남원시,모바일형,관광형
남원춘향여행권,남원시,모바일형,관광형
강천산 + 광한루권,남원시,모바일형,관광형
남원춘향여행권,남원시,카드형,관광형
1일권,남원시,카드형,관광형
1일권,남원시,모바일형,관광형
3일권,남원시,모바일형,관광형
남원춘향여행권,남원시,모바일형,관광형
남원춘향여행권,남원시,카드형,관광형
1일권,남원시,카드형,관광형
1일권,남원시,모바일형,관광형
3일권,남원시,모바일형,관광형
남원춘향여행권,남원시,모바일형,관광형
남원춘향여행권,남원시,카드형,관광형
1일권,남원시,카드형,관광형
1일권,남원시,모바일형,관광형
남원춘향여행권,남원시,모바일형,관광형
남원춘향여행권,남원시,카드형,관광형
남원춘향여행권,남원시,카드형,관광형
1일권,남원시,모바일형,관광형
남원춘향여행권,남원시,모바일형,관광형
남원춘향여행권,남원시,카드형,관광형
1일권,남원시,카드형,관광형
1일권,남원시,모바일형,관광형
남원춘향여행권,남원시,모바일형,관광형
남원춘향여행권,남원시,카드형,관광형
1일권,김제시,카드형,관광형
1일권,김제시,모바일형,관광형
김제 미즈노씨네 체험권,김제시,모바일형,관광형
1일권,김제시,카드형,관광형
1일권,김제시,모바일형,관광형
1일권,김제시,카드형,관광형
1일권,김제시,모바일형,관광형
1일권,김제시,카드형,관광형
1일권,김제시,모바일형,관광형
김제 미즈노씨네 체험권,김제시,모바일형,관광형
1일권,김제시,카드형,관광형
1일권,김제시,모바일형,관광형
1일권,김제시,카드형,관광형
1일권,김제시,모바일형,관광형
2일권,김제시,모바일형,관광형
김제 미즈노씨네 체험권,김제시,모바일형,관광형
1일권,김제시,모바일형,관광형
1일권,김제시,카드형,관광형
1일권,김제시,모바일형,관광형
김제 미즈노씨네 체험권,김제시,모바일형,관광형
1일권,김제시,카드형,관광형
1일권,김제시,모바일형,관광형
1일권,김제시,카드형,관광형
1일권,김제시,모바일형,관광형
1일권,김제시,카드형,관광형
1일권,김제시,모바일형,관광형
1일권,완주군,카드형,관광형
1일권,완주군,모바일형,관광형
1일권,진안군,모바일형,관광형
1일권,무주군,카드형,관광형
1일권,무주군,모바일형,관광형
무주반디여행권,무주군,모바일형,관광형
무주반디여행권,무주군,모바일형,관광형
무주반디여행권,무주군,카드형,관광형
무주리조트 곤도라,무주군,모바일형,관광형
1일권,무주군,모바일형,관광형
무주반디여행권,무주군,모바일형,관광형
무주반디여행권,무주군,카드형,관광형
무주리조트 곤도라,무주군,모바일형,관광형
1일권,무주군,모바일형,관광형
무주반디여행권,무주군,모바일형,관광형
무주반디여행권,무주군,카드형,관광형
무주리조트 곤도라,무주군,모바일형,관광형
1일권,무주군,카드형,관광형
1일권,무주군,모바일형,관광형
무주반디여행권,무주군,모바일형,관광형
무주리조트 곤도라,무주군,모바일형,관광형
1일권,무주군,카드형,관광형
1일권,무주군,모바일형,관광형
무주반디여행권,무주군,모바일형,관광형
무주반디여행권,무주군,모바일형,관광형
무주반디여행권,무주군,카드형,관광형
무주리조트 곤도라,무주군,모바일형,관광형
무주리조트 곤도라,무주군,모바일형,관광형
1일권,장수군,카드형,관광형
1일권,임실군,카드형,관광형
1일권,임실군,모바일형,관광형
1일권,임실군,모바일형,관광형
1일권,임실군,모바일형,관광형
1일권,임실군,카드형,관광형
1일권,임실군,모바일형,관광형
임실치즈테마파크 패키지C 대인권,임실군,모바일형,관광형
임실치즈테마파크 패키지C 소인권,임실군,모바일형,관광형
임실피자체험권+경기전,임실군,모바일형,관광형
임실치즈테마파크 패키지A 대인권,임실군,모바일형,관광형
임실치즈테마파크 패키지A 소인권,임실군,모바일형,관광형
임실치즈테마파크 패키지C 대인권,임실군,모바일형,관광형
임실치즈테마파크 패키지C 소인권,임실군,모바일형,관광형
임실치즈테마파크 패키지C 대인권,임실군,모바일형,관광형
임실치즈테마파크 패키지C 소인권,임실군,모바일형,관광형
임실치즈테마파크 패키지A 대인권,임실군,모바일형,관광형
임실치즈테마파크 패키지A 소인권,임실군,모바일형,관광형
1일권,순창군,카드형,관광형
1일권,순창군,모바일형,관광형
강천산 + 광한루권,순창군,모바일형,관광형
1일권,순창군,카드형,관광형
1일권,순창군,모바일형,관광형
1일권,순창군,카드형,관광형
1일권,순창군,모바일형,관광형
1일권,순창군,카드형,관광형
1일권,순창군,모바일형,관광형
1일권,순창군,모바일형,관광형
1일권,순창군,카드형,관광형
1일권,순창군,모바일형,관광형
1일권,고창군,카드형,관광형
1일권,고창군,모바일형,관광형
고창읍성+선운사권,고창군,모바일형,관광형
책마을해리,고창군,모바일형,관광형
1일권,고창군,카드형,관광형
1일권,고창군,모바일형,관광형
고창읍성+고인돌박물관권,고창군,모바일형,관광형
1일권,고창군,카드형,관광형
1일권,고창군,모바일형,관광형
1일권,고창군,모바일형,관광형
고창읍성+선운사권,고창군,모바일형,관광형
1일권,부안군,카드형,관광형
1일권,부안군,모바일형,관광형
부안 벗님넷포레도,부안군,모바일형,관광형
1일권,부안군,카드형,관광형
1일권,부안군,모바일형,관광형
1일권,부안군,모바일형,관광형
부안 벗님넷포레도,부안군,모바일형,관광형
1일권,부안군,모바일형,관광형
1일권,부안군,카드형,관광형
1일권,부안군,모바일형,관광형
부안 벗님넷포레도,부안군,모바일형,관광형
1일권,부안군,모바일형,관광형
부안 벗님넷포레도,부안군,모바일형,관광형
1일권,부안군,카드형,관광형
1일권,부안군,모바일형,관광형
부안 벗님넷포레도,부안군,모바일형,관광형
1일권,전주시,카드형,관광형
1일권,전주시,모바일형,관광형
2일권,전주시,모바일형,관광형
3일권,전주시,모바일형,관광형
한옥마을권,전주시,카드형,관광형
한옥마을권,전주시,모바일형,관광형
한옥마을권 + 사진촬영권,전주시,모바일형,관광형
한옥마을권 + 한복 대여권,전주시,모바일형,관광형
"한옥마을종합권(한복대여,사진)",전주시,모바일형,관광형
Tmoney 1일권,전주시,카드형,교통형
한옥마을권 + 공연관람권,전주시,모바일형,관광형
"한옥마을종합권(경성의복,사진)",전주시,모바일형,관광형
임실피자체험권+경기전,전주시,모바일형,관광형
전주한옥 레일바이크,전주시,모바일형,관광형
1일권,전주시,모바일형,관광형
3일권,전주시,모바일형,관광형
한옥마을권,전주시,모바일형,관광형
전주한옥 레일바이크,전주시,모바일형,관광형
1일권,전주시,카드형,관광형
1일권,전주시,모바일형,관광형
1일권,전주시,모바일형,관광형
3일권,전주시,모바일형,관광형
전주한옥 레일바이크,전주시,모바일형,관광형
1일권,전주시,카드형,관광형
1일권,전주시,모바일형,관광형
1일권,전주시,모바일형,관광형
한옥마을권,전주시,모바일형,관광형
한옥마을권 + 사진촬영권,전주시,모바일형,관광형
한옥마을권 + 공연관람권,전주시,모바일형,관광형
전주한옥 레일바이크,전주시,모바일형,관광형
1일권,전주시,카드형,관광형
1일권,전주시,모바일형,관광형
한옥마을권 + 공연관람권,전주시,모바일형,관광형
한옥마을권 + 사진촬영권,전주시,모바일형,관광형
"한옥마을종합권(한복대여,사진)",전주시,모바일형,관광형
"한옥마을종합권(경성의복,사진)",전주시,모바일형,관광형
한옥마을권 + 한복 대여권,전주시,모바일형,관광형
"한옥마을종합권(한복대여,사진)",전주시,모바일형,관광형
"한옥마을종합권(경성의복,사진)",전주시,모바일형,관광형
1일권,전주시,카드형,관광형
1일권,전주시,모바일형,관광형
한옥마을권 + 공연관람권,전주시,모바일형,관광형
1일권,전주시,카드형,관광형
1일권,전주시,모바일형,관광형
1일권,전주시,모바일형,관광형
2일권,전주시,모바일형,관광형
3일권,전주시,모바일형,관광형
전주한옥 레일바이크,전주시,모바일형,관광형
전주한옥 레일바이크,전주시,모바일형,관광형
1일권,전주시,모바일형,관광형
1일권,전주시,모바일형,관광형
전주한옥 레일바이크,전주시,모바일형,관광형
군산 카페 솔보,군산시,모바일형,관광형
1일권,익산시,카드형,관광형
1일권,익산시,모바일형,관광형
2일권,익산시,모바일형,관광형
전주한옥 레일바이크,익산시,모바일형,관광형
1일권,익산시,카드형,관광형
1일권,익산시,모바일형,관광형
2일권,익산시,모바일형,관광형
1일권,정읍시,카드형,관광형
1일권,정읍시,모바일형,관광형
2일권,정읍시,모바일형,관광형
정읍 현대미술 패키지권,정읍시,모바일형,관광형
정읍 현대미술 패키지권,정읍시,모바일형,관광형
정읍 현대미술 시민권,정읍시,모바일형,관광형
정읍 현대미술 일반권,정읍시,모바일형,관광형
1일권,정읍시,카드형,관광형
1일권,정읍시,모바일형,관광형
2일권,정읍시,모바일형,관광형
정읍 현대미술 패키지권,정읍시,모바일형,관광형
1일권,남원시,카드형,관광형
1일권,남원시,모바일형,관광형
2일권,남원시,모바일형,관광형
3일권,남원시,모바일형,관광형
남원춘향여행권,남원시,모바일형,관광형
강천산 + 광한루권,남원시,모바일형,관광형
남원춘향여행권,남원시,카드형,관광형
남원춘향여행권,남원시,카드형,관광형
1일권,남원시,카드형,관광형
1일권,남원시,모바일형,관광형
2일권,남원시,모바일형,관광형
남원춘향여행권,남원시,모바일형,관광형
남원춘향여행권,남원시,모바일형,관광형
남원춘향여행권,남원시,카드형,관광형
1일권,남원시,카드형,관광형
1일권,남원시,모바일형,관광형
남원춘향여행권,남원시,모바일형,관광형
남원춘향여행권,남원시,카드형,관광형
1일권,남원시,카드형,관광형
1일권,남원시,모바일형,관광형
남원춘향여행권,남원시,모바일형,관광형
남원춘향여행권,남원시,카드형,관광형
1일권,남원시,모바일형,관광형
남원춘향여행권,남원시,모바일형,관광형
남원춘향여행권,남원시,카드형,관광형
1일권,남원시,카드형,관광형
1일권,남원시,모바일형,관광형
남원춘향여행권,남원시,모바일형,관광형
남원춘향여행권,남원시,카드형,관광형
1일권,남원시,카드형,관광형
1일권,남원시,모바일형,관광형
남원춘향여행권,남원시,모바일형,관광형
남원춘향여행권,남원시,카드형,관광형
1일권,남원시,모바일형,관광형
남원춘향여행권,남원시,모바일형,관광형
1일권,김제시,카드형,관광형
1일권,김제시,모바일형,관광형
김제 미즈노씨네 체험권,김제시,모바일형,관광형
1일권,김제시,카드형,관광형
1일권,김제시,모바일형,관광형
김제 미즈노씨네 체험권,김제시,모바일형,관광형
1일권,김제시,카드형,관광형
1일권,김제시,모바일형,관광형
김제 미즈노씨네 체험권,김제시,모바일형,관광형
1일권,김제시,카드형,관광형
1일권,김제시,모바일형,관광형
김제 미즈노씨네 체험권,김제시,모바일형,관광형
1일권,김제시,카드형,관광형
1일권,김제시,모바일형,관광형
김제 미즈노씨네 체험권,김제시,모바일형,관광형
1일권,김제시,카드형,관광형
1일권,김제시,모바일형,관광형
2일권,김제시,모바일형,관광형
김제 미즈노씨네 체험권,김제시,모바일형,관광형
1일권,김제시,카드형,관광형
1일권,김제시,모바일형,관광형
1일권,김제시,카드형,관광형
1일권,김제시,모바일형,관광형
2일권,김제시,모바일형,관광형
김제 미즈노씨네 체험권,김제시,모바일형,관광형
김제 미즈노씨네 체험권,김제시,모바일형,관광형
전주한옥 레일바이크,김제시,모바일형,관광형
1일권,김제시,카드형,관광형
1일권,김제시,모바일형,관광형
김제 미즈노씨네 체험권,김제시,모바일형,관광형
1일권,김제시,모바일형,관광형
1일권,김제시,카드형,관광형
1일권,김제시,모바일형,관광형
2일권,김제시,모바일형,관광형
김제 미즈노씨네 체험권,김제시,모바일형,관광형
1일권,완주군,카드형,관광형
1일권,완주군,모바일형,관광형
1일권,완주군,카드형,교통형
1일권,진안군,카드형,관광형
1일권,진안군,모바일형,관광형
1일권,무주군,카드형,관광형
1일권,무주군,모바일형,관광형
2일권,무주군,모바일형,관광형
2일권,무주군,카드형,교통형
무주반디여행권,무주군,모바일형,관광형
무주반디여행권,무주군,카드형,관광형
무주리조트 곤도라,무주군,모바일형,관광형
1일권,무주군,카드형,관광형
1일권,무주군,모바일형,관광형
무주반디여행권,무주군,모바일형,관광형
무주반디여행권,무주군,카드형,관광형
무주리조트 곤도라,무주군,모바일형,관광형
1일권,무주군,카드형,관광형
1일권,무주군,모바일형,관광형
2일권,무주군,모바일형,관광형
무주반디여행권,무주군,모바일형,관광형
무주반디여행권,무주군,모바일형,관광형
무주반디여행권,무주군,카드형,관광형
무주리조트 곤도라,무주군,모바일형,관광형
1일권,무주군,카드형,관광형
1일권,무주군,모바일형,관광형
무주반디여행권,무주군,모바일형,관광형
무주반디여행권,무주군,카드형,관광형
1일권,무주군,카드형,관광형
1일권,무주군,모바일형,관광형
2일권,무주군,모바일형,관광형
2일권,무주군,카드형,교통형
무주반디여행권,무주군,모바일형,관광형
무주반디여행권,무주군,카드형,관광형
무주리조트 곤도라,무주군,모바일형,관광형
무주리조트 곤도라,무주군,모바일형,관광형
1일권,무주군,카드형,관광형
1일권,무주군,모바일형,관광형
무주반디여행권,무주군,모바일형,관광형
1일권,장수군,모바일형,관광형
1일권,임실군,카드형,관광형
1일권,임실군,모바일형,관광형
전주한옥 레일바이크,임실군,모바일형,관광형
1일권,임실군,카드형,관광형
1일권,임실군,모바일형,관광형
전주한옥 레일바이크,임실군,모바일형,관광형
1일권,임실군,카드형,관광형
1일권,임실군,모바일형,관광형
전주한옥 레일바이크,임실군,모바일형,관광형
1일권,임실군,카드형,관광형
1일권,임실군,모바일형,관광형
전주한옥 레일바이크,임실군,모바일형,관광형
임실치즈테마파크 패키지A 대인권,임실군,모바일형,관광형
임실치즈테마파크 패키지A 소인권,임실군,모바일형,관광형
임실치즈테마파크 패키지C 대인권,임실군,모바일형,관광형
임실치즈테마파크 패키지C 소인권,임실군,모바일형,관광형
임실피자체험권+경기전,임실군,모바일형,관광형
임실치즈테마파크 패키지A 대인권,임실군,모바일형,관광형
임실치즈테마파크 패키지A 소인권,임실군,모바일형,관광형
임실치즈테마파크 패키지C 대인권,임실군,모바일형,관광형
임실치즈테마파크 패키지C 소인권,임실군,모바일형,관광형
임실치즈테마파크 패키지C 대인권,임실군,모바일형,관광형
임실치즈테마파크 패키지C 소인권,임실군,모바일형,관광형
임실치즈테마파크 패키지A 대인권,임실군,모바일형,관광형
임실치즈테마파크 패키지A 소인권,임실군,모바일형,관광형
1일권,순창군,카드형,관광형
1일권,순창군,모바일형,관광형
강천산 + 광한루권,순창군,모바일형,관광형
1일권,순창군,모바일형,관광형
1일권,순창군,카드형,관광형
1일권,순창군,모바일형,관광형
1일권,순창군,모바일형,관광형
2일권,순창군,모바일형,관광형
1일권,순창군,카드형,관광형
1일권,순창군,모바일형,관광형
2일권,순창군,모바일형,관광형
1일권,순창군,모바일형,관광형
1일권,순창군,모바일형,관광형
1일권,순창군,모바일형,관광형
1일권,고창군,모바일형,관광형
2일권,고창군,모바일형,관광형
고창읍성+선운사권,고창군,모바일형,관광형
고창읍성+고인돌박물관권,고창군,모바일형,관광형
1일권,고창군,카드형,관광형
1일권,고창군,모바일형,관광형
김제 미즈노씨네 체험권,고창군,모바일형,관광형
고창읍성+고인돌박물관권,고창군,모바일형,관광형
1일권,고창군,카드형,관광형
1일권,고창군,모바일형,관광형
1일권,고창군,카드형,관광형
1일권,고창군,모바일형,관광형
2일권,고창군,모바일형,관광형
3일권,고창군,모바일형,관광형
고창읍성+선운사권,고창군,모바일형,관광형
1일권,고창군,모바일형,관광형
1일권,부안군,카드형,관광형
1일권,부안군,모바일형,관광형
2일권,부안군,모바일형,관광형
1일권,부안군,카드형,관광형
1일권,부안군,모바일형,관광형
2일권,부안군,모바일형,관광형
1일권,부안군,모바일형,관광형
1일권,부안군,모바일형,관광형
1일권,부안군,카드형,관광형
1일권,부안군,모바일형,관광형
2일권,부안군,모바일형,관광형
1일권,부안군,카드형,관광형
1일권,부안군,모바일형,관광형
1일권,부안군,카드형,관광형
1일권,부안군,모바일형,관광형
2일권,부안군,모바일형,관광형
1일권,전주시,카드형,관광형
1일권,전주시,모바일형,관광형
2일권,전주시,모바일형,관광형
한옥마을권,전주시,카드형,관광형
한옥마을권,전주시,모바일형,관광형
한옥마을권 + 사진촬영권,전주시,모바일형,관광형
한옥마을권 + 한복 대여권,전주시,모바일형,관광형
"한옥마을종합권(한복대여,사진)",전주시,모바일형,관광형
Tmoney 1일권,전주시,카드형,교통형
한옥마을권 + 공연관람권,전주시,모바일형,관광형
"한옥마을종합권(경성의복,사진)",전주시,모바일형,관광형
임실피자체험권+경기전,전주시,모바일형,관광형
전주한옥 레일바이크,전주시,모바일형,관광형
1일권,전주시,모바일형,관광형
2일권,전주시,모바일형,관광형
한옥마을권,전주시,모바일형,관광형
"한옥마을종합권(한복대여,사진)",전주시,모바일형,관광형
Tmoney 1일권,전주시,카드형,교통형
한옥마을권 + 공연관람권,전주시,모바일형,관광형
전주한옥 레일바이크,전주시,모바일형,관광형
1일권,전주시,모바일형,관광형
2일권,전주시,모바일형,관광형
한옥마을권,전주시,모바일형,관광형
1일권,전주시,카드형,관광형
1일권,전주시,모바일형,관광형
2일권,전주시,모바일형,관광형
전주한옥 레일바이크,전주시,모바일형,관광형
1일권,전주시,모바일형,관광형
2일권,전주시,모바일형,관광형
"한옥마을종합권(한복대여,사진)",전주시,모바일형,관광형
Tmoney 1일권,전주시,카드형,교통형
전주한옥 레일바이크,전주시,모바일형,관광형
1일권,전주시,모바일형,관광형
2일권,전주시,모바일형,관광형
한옥마을권 + 공연관람권,전주시,모바일형,관광형
전주한옥 레일바이크,전주시,모바일형,관광형
한옥마을권 + 사진촬영권,전주시,모바일형,관광형
"한옥마을종합권(한복대여,사진)",전주시,모바일형,관광형
"한옥마을종합권(경성의복,사진)",전주시,모바일형,관광형
한옥마을권 + 한복 대여권,전주시,모바일형,관광형
"한옥마을종합권(한복대여,사진)",전주시,모바일형,관광형
"한옥마을종합권(경성의복,사진)",전주시,모바일형,관광형
1일권,전주시,모바일형,관광형
1일권,전주시,카드형,관광형
1일권,전주시,모바일형,관광형
2일권,전주시,모바일형,관광형
전주한옥 레일바이크,전주시,모바일형,관광형
1일권,전주시,카드형,관광형
1일권,전주시,모바일형,관광형
2일권,전주시,모바일형,관광형
전주한옥 레일바이크,전주시,모바일형,관광형
1일권,전주시,카드형,관광형
1일권,전주시,모바일형,관광형
Tmoney 1일권,전주시,카드형,교통형
1일권,전주시,카드형,관광형
1일권,전주시,모바일형,관광형
2일권,전주시,모바일형,관광형
군산 카페 솔보,군산시,모바일형,관광형
1일권,익산시,카드형,관광형
1일권,익산시,모바일형,관광형
2일권,익산시,모바일형,관광형
익산 카페 아레라,익산시,모바일형,관광형
1일권,익산시,모바일형,관광형
2일권,익산시,모바일형,관광형
익산 카페 아레라,익산시,모바일형,관광형
익산 카페 아레라,익산시,모바일형,관광형
1일권,정읍시,카드형,관광형
1일권,정읍시,모바일형,관광형
전주한옥 레일바이크,정읍시,모바일형,관광형
정읍 현대미술 패키지권,정읍시,모바일형,관광형
정읍 현대미술 패키지권,정읍시,모바일형,관광형
정읍 현대미술 시민권,정읍시,모바일형,관광형
정읍 현대미술 일반권,정읍시,모바일형,관광형
1일권,정읍시,모바일형,관광형
3일권,정읍시,모바일형,관광형
정읍 현대미술 패키지권,정읍시,모바일형,관광형
1일권,남원시,카드형,관광형
1일권,남원시,모바일형,관광형
1일권,남원시,카드형,교통형
2일권,남원시,모바일형,관광형
남원춘향여행권,남원시,모바일형,관광형
남원춘향여행권,남원시,카드형,관광형
전주한옥 레일바이크,남원시,모바일형,관광형
1일권,남원시,카드형,관광형
1일권,남원시,모바일형,관광형
2일권,남원시,모바일형,관광형
남원춘향여행권,남원시,모바일형,관광형
남원춘향여행권,남원시,카드형,관광형
1일권,남원시,카드형,관광형
1일권,남원시,모바일형,관광형
2일권,남원시,모바일형,관광형
남원춘향여행권,남원시,모바일형,관광형
남원춘향여행권,남원시,카드형,관광형
1일권,남원시,카드형,관광형
1일권,남원시,모바일형,관광형
남원춘향여행권,남원시,모바일형,관광형
남원춘향여행권,남원시,카드형,관광형
남원춘향여행권,남원시,모바일형,관광형
1일권,남원시,카드형,관광형
1일권,남원시,모바일형,관광형
남원춘향여행권,남원시,모바일형,관광형
남원춘향여행권,남원시,카드형,관광형
1일권,남원시,모바일형,관광형
남원춘향여행권,남원시,모바일형,관광형
남원춘향여행권,남원시,카드형,관광형
1일권,남원시,모바일형,관광형
1일권,남원시,카드형,교통형
2일권,남원시,모바일형,관광형
남원춘향여행권,남원시,카드형,관광형
1일권,김제시,카드형,관광형
1일권,김제시,모바일형,관광형
1일권,김제시,모바일형,관광형
2일권,김제시,모바일형,관광형
1일권,김제시,카드형,관광형
1일권,김제시,모바일형,관광형
1일권,김제시,카드형,관광형
1일권,김제시,모바일형,관광형
1일권,김제시,카드형,관광형
1일권,김제시,모바일형,관광형
Tmoney 1일권,김제시,카드형,교통형
김제 미즈노씨네 체험권,김제시,모바일형,관광형
1일권,김제시,카드형,관광형
1일권,김제시,모바일형,관광형
2일권,김제시,모바일형,관광형
1일권,김제시,카드형,관광형
1일권,김제시,모바일형,관광형
2일권,김제시,모바일형,관광형
김제 미즈노씨네 체험권,김제시,모바일형,관광형
1일권,김제시,카드형,관광형
1일권,김제시,모바일형,관광형
1일권,김제시,카드형,관광형
1일권,김제시,모바일형,관광형
2일권,김제시,모바일형,관광형
Tmoney 1일권,김제시,카드형,교통형
김제 미즈노씨네 체험권,김제시,모바일형,관광형
1일권,김제시,카드형,관광형
1일권,김제시,모바일형,관광형
김제 미즈노씨네 체험권,김제시,모바일형,관광형
1일권,김제시,카드형,관광형
1일권,김제시,모바일형,관광형
1일권,완주군,모바일형,관광형
1일권,완주군,카드형,관광형
1일권,완주군,모바일형,관광형
1일권,진안군,카드형,관광형
1일권,진안군,모바일형,관광형
2일권,진안군,모바일형,관광형
1일권,진안군,모바일형,관광형
1일권,무주군,카드형,관광형
1일권,무주군,모바일형,관광형
2일권,무주군,모바일형,관광형
무주반디여행권,무주군,모바일형,관광형
무주반디여행권,무주군,카드형,관광형
무주리조트 곤도라,무주군,모바일형,관광형
1일권,무주군,카드형,관광형
1일권,무주군,모바일형,관광형
2일권,무주군,모바일형,관광형
무주반디여행권,무주군,모바일형,관광형
무주반디여행권,무주군,카드형,관광형
무주리조트 곤도라,무주군,모바일형,관광형
1일권,무주군,카드형,관광형
1일권,무주군,모바일형,관광형
무주반디여행권,무주군,모바일형,관광형
무주반디여행권,무주군,카드형,관광형
무주리조트 곤도라,무주군,모바일형,관광형
1일권,무주군,모바일형,관광형
무주반디여행권,무주군,모바일형,관광형
무주리조트 곤도라,무주군,모바일형,관광형
1일권,무주군,카드형,관광형
1일권,무주군,모바일형,관광형
2일권,무주군,모바일형,관광형
무주반디여행권,무주군,모바일형,관광형
무주반디여행권,무주군,카드형,관광형
무주리조트 곤도라,무주군,모바일형,관광형
무주리조트 곤도라,무주군,모바일형,관광형
1일권,무주군,카드형,관광형
1일권,무주군,모바일형,관광형
무주반디여행권,무주군,모바일형,관광형
무주리조트 곤도라,무주군,모바일형,관광형
1일권,장수군,모바일형,관광형
1일권,임실군,카드형,관광형
1일권,임실군,모바일형,관광형
1일권,임실군,카드형,관광형
1일권,임실군,모바일형,관광형
1일권,임실군,카드형,관광형
1일권,임실군,모바일형,관광형
전주한옥 레일바이크,임실군,모바일형,관광형
1일권,임실군,모바일형,관광형
임실피자체험권+경기전,임실군,모바일형,관광형
1일권,순창군,카드형,관광형
1일권,순창군,모바일형,관광형
강천산+경기전이용권,순창군,모바일형,관광형
1일권,순창군,모바일형,관광형
1일권,순창군,모바일형,관광형
1일권,순창군,카드형,관광형
1일권,순창군,모바일형,관광형
1일권,순창군,카드형,관광형
1일권,순창군,모바일형,관광형
1일권,순창군,모바일형,관광형
1일권,순창군,모바일형,관광형
1일권,순창군,카드형,관광형
1일권,순창군,모바일형,관광형
1일권,고창군,카드형,관광형
1일권,고창군,모바일형,관광형
고창읍성+선운사권,고창군,모바일형,관광형
책마을해리,고창군,모바일형,관광형
1일권,고창군,모바일형,관광형
1일권,고창군,카드형,관광형
1일권,고창군,모바일형,관광형
3일권,고창군,모바일형,관광형
고창읍성+선운사권,고창군,모바일형,관광형
1일권,고창군,카드형,관광형
1일권,고창군,모바일형,관광형
3일권,고창군,모바일형,관광형
1일권,부안군,카드형,관광형
1일권,부안군,모바일형,관광형
2일권,부안군,모바일형,관광형
3일권,부안군,모바일형,관광형
1일권,부안군,카드형,관광형
1일권,부안군,모바일형,관광형
2일권,부안군,모바일형,관광형
3일권,부안군,모바일형,관광형
전주한옥 레일바이크,부안군,모바일형,관광형
1일권,부안군,모바일형,관광형
1일권,부안군,모바일형,관광형
1일권,부안군,모바일형,관광형
1일권,부안군,카드형,관광형
1일권,부안군,모바일형,관광형
3일권,부안군,모바일형,관광형
1일권,부안군,카드형,관광형
1일권,부안군,모바일형,관광형
2일권,부안군,모바일형,관광형
1일권,부안군,모바일형,관광형
1일권,부안군,모바일형,관광형
3일권,부안군,모바일형,관광형
1일권,전주시,카드형,관광형
1일권,전주시,모바일형,관광형
2일권,전주시,카드형,관광형
3일권,전주시,모바일형,관광형
한옥마을권,전주시,카드형,관광형
한옥마을권,전주시,모바일형,관광형
한옥마을권 + 사진촬영권,전주시,모바일형,관광형
"한옥마을종합권(한복대여,사진)",전주시,모바일형,관광형
Tmoney 1일권,전주시,카드형,교통형
전주한옥레일바이크,전주시,모바일형,관광형
전주한옥레일바이크,전주시,모바일형,관광형
1일권,전주시,모바일형,관광형
한옥마을권,전주시,모바일형,관광형
"한옥마을종합권(한복대여,사진)",전주시,모바일형,관광형
전주한옥레일바이크,전주시,모바일형,관광형
1일권,전주시,카드형,관광형
1일권,전주시,모바일형,관광형
한옥마을권,전주시,모바일형,관광형
1일권,전주시,모바일형,관광형
전주한옥레일바이크,전주시,모바일형,관광형
1일권,전주시,카드형,관광형
1일권,전주시,모바일형,관광형
한옥마을권,전주시,모바일형,관광형
한옥마을권 + 사진촬영권,전주시,모바일형,관광형
전주한옥레일바이크,전주시,모바일형,관광형
한옥마을권 + 사진촬영권,전주시,모바일형,관광형
"한옥마을종합권(한복대여,사진)",전주시,모바일형,관광형
한옥마을권 + 한복 대여권,전주시,모바일형,관광형
"한옥마을종합권(한복대여,사진)",전주시,모바일형,관광형
한옥마을권,전주시,모바일형,관광형
1일권,전주시,카드형,관광형
1일권,전주시,모바일형,관광형
3일권,전주시,모바일형,관광형
Tmoney 1일권,전주시,카드형,교통형
전주한옥레일바이크,전주시,모바일형,관광형
1일권,전주시,카드형,관광형
1일권,전주시,모바일형,관광형
전주한옥레일바이크,전주시,모바일형,관광형
1일권,전주시,모바일형,관광형
1일권,전주시,카드형,관광형
1일권,전주시,모바일형,관광형
전주한옥레일바이크,전주시,모바일형,관광형
1일권,익산시,모바일형,관광형
1일권,익산시,카드형,관광형
1일권,익산시,모바일형,관광형
3일권,익산시,모바일형,관광형
1일권,익산시,카드형,관광형
1일권,익산시,모바일형,관광형
2일권,익산시,모바일형,관광형
1일권,정읍시,카드형,관광형
1일권,정읍시,모바일형,관광형
정읍 현대미술 패키지권,정읍시,모바일형,관광형
정읍 현대미술 패키지권,정읍시,모바일형,관광형
정읍 현대미술 시민권,정읍시,모바일형,관광형
정읍 현대미술 일반권,정읍시,모바일형,관광형
1일권,정읍시,모바일형,관광형
정읍 현대미술 패키지권,정읍시,모바일형,관광형
1일권,남원시,카드형,관광형
1일권,남원시,모바일형,관광형
1일권,남원시,모바일형,관광형
2일권,남원시,모바일형,관광형
남원춘향여행권,남원시,모바일형,관광형
남원춘향여행권,남원시,카드형,관광형
1일권,남원시,카드형,관광형
1일권,남원시,모바일형,관광형
2일권,남원시,모바일형,관광형
남원춘향여행권,남원시,모바일형,관광형
남원춘향여행권,남원시,카드형,관광형
1일권,남원시,카드형,관광형
1일권,남원시,모바일형,관광형
남원춘향여행권,남원시,모바일형,관광형
남원춘향여행권,남원시,카드형,관광형
1일권,남원시,모바일형,관광형
2일권,남원시,모바일형,관광형
남원춘향여행권,남원시,모바일형,관광형
남원춘향여행권,남원시,모바일형,관광형
남원춘향여행권,남원시,카드형,관광형
1일권,남원시,카드형,관광형
1일권,남원시,모바일형,관광형
남원춘향여행권,남원시,모바일형,관광형
남원춘향여행권,남원시,모바일형,관광형
남원춘향여행권,남원시,카드형,관광형
남원춘향여행권,남원시,카드형,관광형
1일권,남원시,모바일형,관광형
2일권,남원시,모바일형,관광형
남원춘향여행권,남원시,모바일형,관광형
남원춘향여행권,남원시,카드형,관광형
1일권,남원시,모바일형,관광형
2일권,남원시,모바일형,관광형
남원춘향여행권,남원시,모바일형,관광형
1일권,김제시,카드형,관광형
1일권,김제시,모바일형,관광형
1일권,김제시,카드형,관광형
1일권,김제시,모바일형,관광형
2일권,김제시,모바일형,관광형
부안 벗님넷포레도,김제시,모바일형,관광형
1일권,김제시,카드형,관광형
1일권,김제시,모바일형,관광형
2일권,김제시,모바일형,관광형
부안 벗님넷포레도,김제시,모바일형,관광형
1일권,김제시,카드형,관광형
1일권,김제시,모바일형,관광형
1일권,김제시,카드형,관광형
1일권,김제시,모바일형,관광형
1일권,김제시,카드형,관광형
1일권,김제시,모바일형,관광형
2일권,김제시,모바일형,관광형
부안 벗님넷포레도,김제시,모바일형,관광형
1일권,김제시,모바일형,관광형
1일권,김제시,카드형,관광형
1일권,김제시,모바일형,관광형
2일권,김제시,모바일형,관광형
3일권,김제시,모바일형,관광형
1일권,김제시,카드형,관광형
1일권,김제시,모바일형,관광형
2일권,김제시,모바일형,관광형
부안 벗님넷포레도,김제시,모바일형,관광형
1일권,김제시,모바일형,관광형
1일권,김제시,카드형,관광형
1일권,김제시,모바일형,관광형
2일권,김제시,모바일형,관광형
부안 벗님넷포레도,김제시,모바일형,관광형
1일권,완주군,카드형,관광형
1일권,완주군,모바일형,관광형
2일권,완주군,모바일형,관광형
1일권,진안군,모바일형,관광형
1일권,진안군,카드형,관광형
1일권,진안군,모바일형,관광형
2일권,진안군,모바일형,관광형
1일권,진안군,카드형,관광형
2일권,진안군,모바일형,관광형
1일권,무주군,카드형,관광형
1일권,무주군,모바일형,관광형
2일권,무주군,모바일형,관광형
무주반디여행권,무주군,모바일형,관광형
무주리조트 눈썰매,무주군,모바일형,관광형
무주리조트 곤도라,무주군,모바일형,관광형
1일권,무주군,카드형,관광형
1일권,무주군,모바일형,관광형
2일권,무주군,모바일형,관광형
무주반디여행권,무주군,모바일형,관광형
무주리조트 눈썰매,무주군,모바일형,관광형
무주리조트 곤도라,무주군,모바일형,관광형
1일권,무주군,카드형,관광형
1일권,무주군,모바일형,관광형
무주반디여행권,무주군,모바일형,관광형
무주반디여행권,무주군,모바일형,관광형
무주리조트 눈썰매,무주군,모바일형,관광형
무주리조트 곤도라,무주군,모바일형,관광형
1일권,무주군,카드형,관광형
1일권,무주군,모바일형,관광형
무주반디여행권,무주군,모바일형,관광형
무주반디여행권,무주군,카드형,관광형
무주리조트 곤도라,무주군,모바일형,관광형
무주리조트 곤도라,무주군,모바일형,관광형
1일권,무주군,카드형,관광형
1일권,무주군,모바일형,관광형
무주반디여행권,무주군,모바일형,관광형
무주반디여행권,무주군,카드형,관광형
무주리조트 곤도라,무주군,모바일형,관광형
무주리조트 눈썰매,무주군,모바일형,관광형
무주리조트 곤도라,무주군,모바일형,관광형
무주리조트 곤도라,무주군,모바일형,관광형
1일권,무주군,카드형,관광형
1일권,무주군,모바일형,관광형
1일권,무주군,모바일형,관광형
2일권,무주군,모바일형,관광형
무주반디여행권,무주군,모바일형,관광형
무주반디여행권,무주군,모바일형,관광형
무주리조트 곤도라,무주군,모바일형,관광형
무주리조트 곤도라,무주군,모바일형,관광형
1일권,임실군,카드형,관광형
1일권,임실군,모바일형,관광형
1일권,임실군,모바일형,관광형
1일권,임실군,카드형,관광형
1일권,임실군,모바일형,관광형
1일권,임실군,모바일형,관광형
3일권,임실군,모바일형,관광형
임실피자체험권+경기전,임실군,모바일형,관광형
1일권,순창군,모바일형,관광형
1일권,순창군,모바일형,관광형
1일권,순창군,카드형,관광형
1일권,순창군,모바일형,관광형
1일권,순창군,카드형,관광형
1일권,순창군,모바일형,관광형
1일권,순창군,카드형,관광형
1일권,순창군,모바일형,관광형
1일권,순창군,모바일형,관광형
1일권,순창군,모바일형,관광형
1일권,고창군,카드형,관광형
1일권,고창군,모바일형,관광형
3일권,고창군,모바일형,관광형
고창읍성+선운사권,고창군,모바일형,관광형
고창읍성+고인돌박물관권,고창군,모바일형,관광형
1일권,고창군,카드형,관광형
1일권,고창군,모바일형,관광형
3일권,고창군,모바일형,관광형
1일권,고창군,카드형,관광형
1일권,고창군,모바일형,관광형
고창읍성+선운사권,고창군,모바일형,관광형
1일권,고창군,카드형,관광형
1일권,고창군,모바일형,관광형
부안마실여행권,부안군,모바일형,관광형
1일권,부안군,카드형,관광형
1일권,부안군,모바일형,관광형
부안 벗님넷포레도,부안군,모바일형,관광형
1일권,부안군,카드형,관광형
1일권,부안군,모바일형,관광형
부안 벗님넷포레도,부안군,모바일형,관광형
1일권,부안군,카드형,관광형
1일권,부안군,모바일형,관광형
1일권,부안군,모바일형,관광형
1일권,부안군,모바일형,관광형
부안 벗님넷포레도,부안군,모바일형,관광형
부안마실여행권,부안군,모바일형,관광형
1일권,부안군,카드형,관광형
1일권,부안군,모바일형,관광형
1일권,부안군,모바일형,관광형
부안 벗님넷포레도,부안군,모바일형,관광형
1일권,부안군,모바일형,관광형
부안 벗님넷포레도,부안군,모바일형,관광형
부안마실여행권,부안군,모바일형,관광형
1일권,부안군,카드형,관광형
1일권,부안군,모바일형,관광형
2일권,부안군,모바일형,관광형
부안 벗님넷포레도,부안군,모바일형,관광형
1일권,전주시,카드형,관광형
1일권,전주시,모바일형,관광형
2일권,전주시,모바일형,관광형
한옥마을권,전주시,모바일형,관광형
한옥마을권 + 한복 대여권,전주시,모바일형,관광형
"한옥마을종합권(한복대여,사진)",전주시,모바일형,관광형
전주한옥레일바이크,전주시,모바일형,관광형
1일권,전주시,카드형,관광형
1일권,전주시,모바일형,관광형
한옥마을권,전주시,모바일형,관광형
1일권,전주시,모바일형,관광형
한옥마을권,전주시,모바일형,관광형
1일권,전주시,카드형,관광형
1일권,전주시,모바일형,관광형
한옥마을권,전주시,모바일형,관광형
한옥마을권 + 한복 대여권,전주시,모바일형,관광형
김제 미즈노씨네 체험권,전주시,모바일형,관광형
"한옥마을종합권(한복대여,사진)",전주시,모바일형,관광형
한옥마을권 + 한복 대여권,전주시,모바일형,관광형
"한옥마을종합권(한복대여,사진)",전주시,모바일형,관광형
한옥마을권 + 경성의복 대여권,전주시,모바일형,관광형
1일권,전주시,카드형,관광형
김제 미즈노씨네 체험권,전주시,모바일형,관광형
1일권,전주시,카드형,관광형
1일권,전주시,모바일형,관광형
2일권,전주시,모바일형,관광형
Tmoney 1일권,전주시,카드형,교통형
전주한옥레일바이크,전주시,모바일형,관광형
1일권,전주시,모바일형,관광형
2일권,전주시,모바일형,관광형
전주한옥레일바이크,전주시,모바일형,관광형
1일권,전주시,모바일형,관광형
2일권,전주시,모바일형,관광형
1일권,전주시,카드형,관광형
1일권,전주시,모바일형,관광형
한옥마을권,전주시,모바일형,관광형
1일권,군산시,모바일형,관광형
김제 미즈노씨네 체험권,군산시,모바일형,관광형
1일권,익산시,카드형,관광형
1일권,익산시,모바일형,관광형
1일권,익산시,모바일형,관광형
1일권,익산시,모바일형,관광형
1일권,정읍시,모바일형,관광형
1일권,정읍시,모바일형,관광형
1일권,남원시,카드형,관광형
1일권,남원시,모바일형,관광형
남원춘향여행권,남원시,모바일형,관광형
남원춘향여행권,남원시,카드형,관광형
1일권,남원시,카드형,관광형
1일권,남원시,모바일형,관광형
남원춘향여행권,남원시,모바일형,관광형
남원춘향여행권,남원시,카드형,관광형
1일권,남원시,카드형,관광형
1일권,남원시,모바일형,관광형
남원춘향여행권,남원시,모바일형,관광형
남원춘향여행권,남원시,카드형,관광형
1일권,남원시,모바일형,관광형
남원춘향여행권,남원시,모바일형,관광형
남원춘향여행권,남원시,카드형,관광형
남원춘향여행권,남원시,카드형,관광형
1일권,남원시,카드형,관광형
1일권,남원시,모바일형,관광형
남원춘향여행권,남원시,모바일형,관광형
남원춘향여행권,남원시,카드형,관광형
1일권,남원시,카드형,관광형
1일권,남원시,모바일형,관광형
남원춘향여행권,남원시,모바일형,관광형
남원춘향여행권,남원시,카드형,관광형
1일권,남원시,카드형,관광형
1일권,남원시,모바일형,관광형
남원춘향여행권,남원시,모바일형,관광형
1일권,김제시,카드형,관광형
1일권,김제시,모바일형,관광형
1일권,김제시,모바일형,관광형
부안 벗님넷포레도,김제시,모바일형,관광형
1일권,김제시,카드형,관광형
1일권,김제시,모바일형,관광형
1일권,김제시,카드형,관광형
1일권,김제시,모바일형,관광형
전주한옥레일바이크,김제시,모바일형,관광형
1일권,김제시,모바일형,관광형
1일권,김제시,카드형,관광형
1일권,김제시,모바일형,관광형
1일권,김제시,카드형,관광형
1일권,김제시,모바일형,관광형
부안 벗님넷포레도,김제시,모바일형,관광형
1일권,김제시,카드형,관광형
1일권,김제시,모바일형,관광형
1일권,김제시,카드형,관광형
1일권,김제시,모바일형,관광형
1일권,김제시,모바일형,관광형
김제 미즈노씨네 체험권,김제시,모바일형,관광형
부안 벗님넷포레도,김제시,모바일형,관광형
1일권,김제시,카드형,관광형
1일권,김제시,모바일형,관광형
전주한옥레일바이크,김제시,모바일형,관광형
1일권,김제시,카드형,관광형
1일권,김제시,모바일형,관광형
1일권,김제시,모바일형,관광형
김제 미즈노씨네 체험권,김제시,모바일형,관광형
부안 벗님넷포레도,김제시,모바일형,관광형
1일권,완주군,모바일형,관광형
1일권,진안군,모바일형,관광형
1일권,진안군,카드형,관광형
1일권,진안군,모바일형,관광형
1일권,무주군,카드형,관광형
1일권,무주군,모바일형,관광형
무주반디여행권,무주군,모바일형,관광형
김제 미즈노씨네 체험권,무주군,모바일형,관광형
무주반디여행권,무주군,카드형,관광형
무주리조트 눈썰매,무주군,모바일형,관광형
무주리조트 곤도라,무주군,모바일형,관광형
1일권,무주군,카드형,관광형
1일권,무주군,모바일형,관광형
무주반디여행권,무주군,모바일형,관광형
무주반디여행권,무주군,카드형,관광형
무주리조트 눈썰매,무주군,모바일형,관광형
무주리조트 곤도라,무주군,모바일형,관광형
1일권,무주군,카드형,관광형
1일권,무주군,모바일형,관광형
무주반디여행권,무주군,모바일형,관광형
무주반디여행권,무주군,카드형,관광형
무주리조트 눈썰매,무주군,모바일형,관광형
무주리조트 곤도라,무주군,모바일형,관광형
1일권,무주군,모바일형,관광형
무주반디여행권,무주군,모바일형,관광형
김제 미즈노씨네 체험권,무주군,모바일형,관광형
무주리조트 곤도라,무주군,모바일형,관광형
1일권,무주군,카드형,관광형
1일권,무주군,모바일형,관광형
무주반디여행권,무주군,모바일형,관광형
무주리조트 눈썰매,무주군,모바일형,관광형
무주리조트 곤도라,무주군,모바일형,관광형
무주리조트 눈썰매,무주군,모바일형,관광형
무주리조트 곤도라,무주군,모바일형,관광형
무주리조트 곤도라,무주군,모바일형,관광형
1일권,무주군,카드형,관광형
1일권,무주군,모바일형,관광형
무주반디여행권,무주군,모바일형,관광형
무주반디여행권,무주군,카드형,관광형
무주리조트 눈썰매,무주군,모바일형,관광형
무주리조트 곤도라,무주군,모바일형,관광형
무주리조트 곤도라,무주군,모바일형,관광형
1일권,임실군,모바일형,관광형
1일권,임실군,모바일형,관광형
1일권,임실군,모바일형,관광형
1일권,순창군,카드형,관광형
1일권,순창군,모바일형,관광형
1일권,순창군,카드형,관광형
1일권,순창군,모바일형,관광형
1일권,순창군,카드형,관광형
1일권,순창군,모바일형,관광형
1일권,순창군,모바일형,관광형
1일권,순창군,카드형,관광형
1일권,순창군,모바일형,관광형
1일권,순창군,카드형,관광형
1일권,순창군,모바일형,관광형
1일권,순창군,카드형,관광형
1일권,순창군,모바일형,관광형
1일권,고창군,카드형,관광형
1일권,고창군,모바일형,관광형
2일권,고창군,모바일형,관광형
고창읍성+선운사권,고창군,모바일형,관광형
고창읍성+고인돌박물관권,고창군,모바일형,관광형
책마을해리,고창군,모바일형,관광형
1일권,고창군,모바일형,관광형
1일권,고창군,카드형,관광형
1일권,고창군,모바일형,관광형
1일권,고창군,카드형,관광형
1일권,고창군,모바일형,관광형
고창읍성+선운사권,고창군,모바일형,관광형
1일권,고창군,모바일형,관광형
부안마실여행권,부안군,모바일형,관광형
1일권,부안군,카드형,관광형
1일권,부안군,모바일형,관광형
부안 벗님넷포레도,부안군,모바일형,관광형
부안마실여행권,부안군,모바일형,관광형
1일권,부안군,카드형,관광형
1일권,부안군,모바일형,관광형
부안 벗님넷포레도,부안군,모바일형,관광형
부안마실여행권,부안군,모바일형,관광형
1일권,부안군,모바일형,관광형
1일권,부안군,모바일형,관광형
부안 벗님넷포레도,부안군,모바일형,관광형
1일권,부안군,모바일형,관광형
1일권,부안군,모바일형,관광형
부안마실여행권,부안군,모바일형,관광형
1일권,부안군,카드형,관광형
1일권,부안군,모바일형,관광형
부안마실여행권,부안군,모바일형,관광형
1일권,부안군,카드형,관광형
1일권,부안군,모바일형,관광형
부안 벗님넷포레도,부안군,모바일형,관광형
부안마실여행권,부안군,모바일형,관광형
1일권,부안군,모바일형,관광형
부안 벗님넷포레도,부안군,모바일형,관광형
부안마실여행권,부안군,모바일형,관광형
1일권,부안군,카드형,관광형
1일권,부안군,모바일형,관광형
부안 벗님넷포레도,부안군,모바일형,관광형
1일권,전주시,카드형,관광형
1일권,전주시,모바일형,관광형
1일권,전주시,모바일형,관광형
1일권,전주시,카드형,관광형
1일권,전주시,카드형,관광형
1일권,전주시,카드형,관광형
1일권,전주시,모바일형,관광형
1일권,전주시,카드형,관광형
1일권,전주시,카드형,관광형
1일권,전주시,모바일형,관광형
1일권,전주시,카드형,관광형
1일권,전주시,모바일형,관광형
1일권,군산시,모바일형,관광형
1일권,익산시,카드형,관광형
1일권,익산시,모바일형,관광형
1일권,익산시,모바일형,관광형
1일권,정읍시,모바일형,관광형
1일권,남원시,모바일형,관광형
남원춘향여행권,남원시,모바일형,관광형
남원춘향여행권,남원시,카드형,관광형
1일권,남원시,카드형,관광형
남원춘향여행권,남원시,카드형,관광형
1일권,남원시,카드형,관광형
남원춘향여행권,남원시,모바일형,관광형
1일권,남원시,모바일형,관광형
1일권,남원시,카드형,관광형
1일권,남원시,모바일형,관광형
남원춘향여행권,남원시,모바일형,관광형
1일권,김제시,카드형,관광형
1일권,김제시,모바일형,관광형
1일권,김제시,모바일형,관광형
1일권,김제시,모바일형,관광형
1일권,김제시,카드형,관광형
1일권,김제시,모바일형,관광형
1일권,김제시,카드형,관광형
1일권,김제시,모바일형,관광형
1일권,김제시,모바일형,관광형
1일권,김제시,카드형,관광형
1일권,김제시,카드형,관광형
1일권,김제시,모바일형,관광형
1일권,김제시,모바일형,관광형
1일권,김제시,카드형,관광형
1일권,김제시,모바일형,관광형
1일권,진안군,카드형,관광형
1일권,무주군,카드형,관광형
1일권,무주군,모바일형,관광형
무주반디여행권,무주군,모바일형,관광형
1일권,무주군,카드형,관광형
1일권,무주군,모바일형,관광형
무주반디여행권,무주군,모바일형,관광형
1일권,무주군,카드형,관광형
1일권,무주군,모바일형,관광형
무주반디여행권,무주군,모바일형,관광형
1일권,무주군,카드형,관광형
1일권,무주군,카드형,관광형
1일권,무주군,모바일형,관광형
무주반디여행권,무주군,모바일형,관광형
1일권,장수군,모바일형,관광형
1일권,임실군,카드형,관광형
1일권,순창군,카드형,관광형
1일권,순창군,카드형,관광형
1일권,순창군,카드형,관광형
1일권,순창군,모바일형,관광형
1일권,순창군,카드형,관광형
1일권,고창군,카드형,관광형
1일권,고창군,모바일형,관광형
1일권,고창군,카드형,관광형
1일권,고창군,모바일형,관광형
1일권,고창군,모바일형,관광형
1일권,고창군,카드형,관광형
1일권,고창군,카드형,관광형
1일권,고창군,모바일형,관광형
1일권,부안군,카드형,관광형
1일권,부안군,모바일형,관광형
